record_id,pdb,all_required_interactions,fr3d_discrepancy,fr3d_cutoff,high_confidence_canonical_gnra
378638,8YUO,False,0.288983,0.8,False
157271,6ZU5,False,0.48254,0.8,False
296491,8FON,False,0.425371,0.8,False
215202,7N8B,False,0.362749,0.8,False
149640,6VZ7,False,0.249189,0.8,False
299335,8HKV,False,0.48087,0.8,False
376371,8WQ4,True,0.276646,0.8,True
82167,5NDK,False,0.436065,0.8,False
94601,6HHQ,False,0.203056,0.8,False
382534,9BUN,False,0.881831,0.8,False
87403,5XYU,False,0.376674,0.8,False
46439,5JU8,True,0.271024,0.8,True
80250,5LZB,False,0.2462,0.8,False
85721,5VP2,False,0.482231,0.8,False
93367,6GZ3,False,0.245238,0.8,False
310662,8S1U,True,0.238336,0.8,True
220668,7P7Q,False,0.356158,0.8,False
41670,4V70,False,0.867361,0.8,False
376287,8WKP,False,0.791411,0.8,False
382115,9BDP,False,0.431607,0.8,False
213092,7LS1,False,0.448525,0.8,False
140651,6O9J,False,0.581943,0.8,False
230112,7UNW,False,0.149463,0.8,False
141289,6OLI,False,0.371659,0.8,False
