record_id,pdb,all_required_interactions,fr3d_discrepancy,fr3d_cutoff,high_confidence_canonical_srm
323517,8E46,True,0.202674,0.5,True
339730,8HKU,True,0.18656,0.5,True
284190,7ZQ5,True,0.243643,0.5,True
187769,6WOO,True,0.214466,0.5,True
245936,7O19,True,0.122387,0.5,True
201145,6ZTO,True,0.219733,0.5,True
173840,6Q9A,True,0.193071,0.5,True
178920,6SGC,True,0.13922,0.5,True
196584,6Z6M,True,0.240287,0.5,True
243640,7NHM,True,0.200406,0.5,True
359299,8PKL,True,0.211868,0.5,True
124365,6GAW,True,0.095185,0.5,True
334209,8FZI,True,0.109509,0.5,True
259756,7Q08,True,0.104741,0.5,True
401527,8VK7,True,0.126013,0.5,True
260476,7Q0R,True,0.107079,0.5,True
267795,7SFR,True,0.137642,0.5,True
189967,6XHY,True,0.185418,0.5,True
243489,7NHL,True,0.186654,0.5,True
48337,4CSU,True,0.395288,0.5,True
106703,5OOM,True,0.182869,0.5,True
319070,8CIV,True,0.10938,0.5,True
420446,9BDL,True,0.115854,0.5,True
11023,1P5P,True,0.19821,0.5,True
